<?xml version="1.0"?>
<doc>
    <assembly>
        <name>FoolishGames.Compiler.CSharp</name>
    </assembly>
    <members>
        <member name="T:FoolishGames.Compiler.CSharp.ScriptEngine">
            <summary>
            C#编译工具
            </summary>
        </member>
        <member name="M:FoolishGames.Compiler.CSharp.ScriptEngine.Compile(System.String,System.Boolean,System.String,System.String)">
            <summary>
            动态编译
            </summary>
        </member>
        <member name="M:FoolishGames.Compiler.CSharp.ScriptEngine.CompileByMono(System.String,System.Boolean,System.String,System.String)">
            <summary>
            使用Mono动态编译
            <para>https://www.cnblogs.com/zhongzf/archive/2011/11/27/2264955.html</para>
            <para>https://www.mono-project.com/docs/about-mono/languages/csharp/</para>
            </summary>
        </member>
        <member name="M:FoolishGames.Compiler.CSharp.ScriptEngine.CompileByRoslyn(System.String,System.Boolean,System.String,System.String)">
            <summary>
            使用Roslyn动态编译
            <para>https://blog.csdn.net/Crazy2910/article/details/106918516</para>
            </summary>
        </member>
        <member name="M:FoolishGames.Compiler.CSharp.ScriptEngine.CompileByCodeDom(System.String,System.Boolean,System.String,System.String)">
            <summary>
            编译cs文件
            <para>https://learn.microsoft.com/zh-cn/dotnet/api/microsoft.csharp.csharpcodeprovider</para>
            </summary>
        </member>
        <member name="M:FoolishGames.Compiler.CSharp.ScriptEngine.CheckOutputFilePath(System.String)">
            <summary>
            输出路径检查
            </summary>
        </member>
        <member name="M:FoolishGames.Compiler.CSharp.ScriptEngine.GenerateAssemblyInfo(System.String)">
            <summary>
            生成版本字符串
            </summary>
            <param name="assemblyName"></param>
            <returns></returns>
        </member>
    </members>
</doc>
